{
  "version": "1.0",
  "defaultProvider": "cdnjs",
  "libraries": [
    {
      "library": "twitter-bootstrap@3.3.7",
      "destination": "wwwroot/lib/bootstrap/dist"
    },
    {
      "library": "jquery@2.2.0",
      "destination": "wwwroot/lib/jquery/dist"
    },
    {
      "library": "jquery-validate@1.14.0",
      "destination": "wwwroot/lib/jquery-validate"
    },
    {
      "library": "jquery-validation-unobtrusive@3.2.6",
      "destination": "wwwroot/lib/jquery-validation-unobtrusive"
    },
    {
      "library": "tinymce@4.7.7",
      "destination": "wwwroot/lib/tinymce-dist"
    },
    {
      "library": "jqueryui@1.12.1",
      "destination": "wwwroot/lib/jquery-ui"
    },
    {
      "library": "elfinder@2.1.49",
      "destination": "wwwroot/lib/elfinder",
      "files": [
        "css/elfinder.full.css",
        "css/elfinder.full.min.css",
        "css/elfinder.full.min.css.map",
        "css/elfinder.min.css",
        "css/theme.css",
        "css/theme.min.css",
        "css/theme.min.css.map",
        "img/arrows-active.png",
        "img/arrows-normal.png",
        "img/crop.gif",
        "img/dialogs.png",
        "img/edit_aceeditor.png",
        "img/edit_ckeditor.png",
        "img/edit_ckeditor5.png",
        "img/edit_codemirror.png",
        "img/edit_creativecloud.png",
        "img/edit_onlineconvert.png",
        "img/edit_pixlreditor.png",
        "img/edit_pixlrexpress.png",
        "img/edit_simplemde.png",
        "img/edit_tinymce.png",
        "img/edit_tuiimgedit.png",
        "img/edit_zohooffice.png",
        "img/editor-icons.png",
        "img/icons-big.png",
        "img/icons-big.svg",
        "img/icons-small.png",
        "img/logo.png",
        "img/progress.gif",
        "img/quicklook-bg.png",
        "img/quicklook-icons.png",
        "img/resize.png",
        "img/spinner-mini.gif",
        "img/toolbar.png",
        "img/trashmesh.png",
        "img/tui-icon-a.svg",
        "img/tui-icon-b.svg",
        "img/tui-icon-c.svg",
        "img/tui-icon-d.svg",
        "img/ui-icons_ffffff_256x240.png",
        "img/volume_icon_box.png",
        "img/volume_icon_box.svg",
        "img/volume_icon_dropbox.png",
        "img/volume_icon_dropbox.svg",
        "img/volume_icon_ftp.png",
        "img/volume_icon_ftp.svg",
        "img/volume_icon_googledrive.png",
        "img/volume_icon_googledrive.svg",
        "img/volume_icon_local.png",
        "img/volume_icon_local.svg",
        "img/volume_icon_network.png",
        "img/volume_icon_network.svg",
        "img/volume_icon_onedrive.png",
        "img/volume_icon_onedrive.svg",
        "img/volume_icon_sql.png",
        "img/volume_icon_sql.svg",
        "img/volume_icon_trash.png",
        "img/volume_icon_trash.svg",
        "img/volume_icon_zip.png",
        "img/volume_icon_zip.svg",
        "js/elfinder.full.js",
        "js/elfinder.full.min.js",
        "js/elfinder.full.min.js.map",
        "js/elfinder.min.js",
        "js/extras/editors.default.js",
        "js/extras/editors.default.min.js",
        "js/extras/quicklook.googledocs.js",
        "js/extras/quicklook.googledocs.min.js",
        "js/i18n/elfinder.ar.js",
        "js/i18n/elfinder.ar.min.js",
        "js/i18n/elfinder.ar.min.js.map",
        "js/i18n/elfinder.bg.js",
        "js/i18n/elfinder.bg.min.js",
        "js/i18n/elfinder.bg.min.js.map",
        "js/i18n/elfinder.ca.js",
        "js/i18n/elfinder.ca.min.js",
        "js/i18n/elfinder.ca.min.js.map",
        "js/i18n/elfinder.cs.js",
        "js/i18n/elfinder.cs.min.js",
        "js/i18n/elfinder.cs.min.js.map",
        "js/i18n/elfinder.da.js",
        "js/i18n/elfinder.da.min.js",
        "js/i18n/elfinder.da.min.js.map",
        "js/i18n/elfinder.de.js",
        "js/i18n/elfinder.de.min.js",
        "js/i18n/elfinder.de.min.js.map",
        "js/i18n/elfinder.el.js",
        "js/i18n/elfinder.el.min.js",
        "js/i18n/elfinder.el.min.js.map",
        "js/i18n/elfinder.es.js",
        "js/i18n/elfinder.es.min.js",
        "js/i18n/elfinder.es.min.js.map",
        "js/i18n/elfinder.fa.js",
        "js/i18n/elfinder.fa.min.js",
        "js/i18n/elfinder.fa.min.js.map",
        "js/i18n/elfinder.fallback.js",
        "js/i18n/elfinder.fallback.min.js",
        "js/i18n/elfinder.fallback.min.js.map",
        "js/i18n/elfinder.fo.js",
        "js/i18n/elfinder.fo.min.js",
        "js/i18n/elfinder.fo.min.js.map",
        "js/i18n/elfinder.fr.js",
        "js/i18n/elfinder.fr.min.js",
        "js/i18n/elfinder.fr.min.js.map",
        "js/i18n/elfinder.he.js",
        "js/i18n/elfinder.he.min.js",
        "js/i18n/elfinder.he.min.js.map",
        "js/i18n/elfinder.hr.js",
        "js/i18n/elfinder.hr.min.js",
        "js/i18n/elfinder.hr.min.js.map",
        "js/i18n/elfinder.hu.js",
        "js/i18n/elfinder.hu.min.js",
        "js/i18n/elfinder.hu.min.js.map",
        "js/i18n/elfinder.id.js",
        "js/i18n/elfinder.id.min.js",
        "js/i18n/elfinder.id.min.js.map",
        "js/i18n/elfinder.it.js",
        "js/i18n/elfinder.it.min.js",
        "js/i18n/elfinder.it.min.js.map",
        "js/i18n/elfinder.ja.js",
        "js/i18n/elfinder.ja.min.js",
        "js/i18n/elfinder.ja.min.js.map",
        "js/i18n/elfinder.ko.js",
        "js/i18n/elfinder.ko.min.js",
        "js/i18n/elfinder.ko.min.js.map",
        "js/i18n/elfinder.LANG.js",
        "js/i18n/elfinder.LANG.min.js",
        "js/i18n/elfinder.LANG.min.js.map",
        "js/i18n/elfinder.nl.js",
        "js/i18n/elfinder.nl.min.js",
        "js/i18n/elfinder.nl.min.js.map",
        "js/i18n/elfinder.no.js",
        "js/i18n/elfinder.no.min.js",
        "js/i18n/elfinder.no.min.js.map",
        "js/i18n/elfinder.pl.js",
        "js/i18n/elfinder.pl.min.js",
        "js/i18n/elfinder.pl.min.js.map",
        "js/i18n/elfinder.pt_BR.js",
        "js/i18n/elfinder.pt_BR.min.js",
        "js/i18n/elfinder.pt_BR.min.js.map",
        "js/i18n/elfinder.ro.js",
        "js/i18n/elfinder.ro.min.js",
        "js/i18n/elfinder.ro.min.js.map",
        "js/i18n/elfinder.ru.js",
        "js/i18n/elfinder.ru.min.js",
        "js/i18n/elfinder.ru.min.js.map",
        "js/i18n/elfinder.si.js",
        "js/i18n/elfinder.si.min.js",
        "js/i18n/elfinder.si.min.js.map",
        "js/i18n/elfinder.sk.js",
        "js/i18n/elfinder.sk.min.js",
        "js/i18n/elfinder.sk.min.js.map",
        "js/i18n/elfinder.sl.js",
        "js/i18n/elfinder.sl.min.js",
        "js/i18n/elfinder.sl.min.js.map",
        "js/i18n/elfinder.sr.js",
        "js/i18n/elfinder.sr.min.js",
        "js/i18n/elfinder.sr.min.js.map",
        "js/i18n/elfinder.sv.js",
        "js/i18n/elfinder.sv.min.js",
        "js/i18n/elfinder.sv.min.js.map",
        "js/i18n/elfinder.tr.js",
        "js/i18n/elfinder.tr.min.js",
        "js/i18n/elfinder.tr.min.js.map",
        "js/i18n/elfinder.ug_CN.js",
        "js/i18n/elfinder.ug_CN.min.js",
        "js/i18n/elfinder.ug_CN.min.js.map",
        "js/i18n/elfinder.uk.js",
        "js/i18n/elfinder.uk.min.js",
        "js/i18n/elfinder.uk.min.js.map",
        "js/i18n/elfinder.vi.js",
        "js/i18n/elfinder.vi.min.js",
        "js/i18n/elfinder.vi.min.js.map",
        "js/i18n/elfinder.zh_CN.js",
        "js/i18n/elfinder.zh_CN.min.js",
        "js/i18n/elfinder.zh_CN.min.js.map",
        "js/i18n/elfinder.zh_TW.js",
        "js/i18n/elfinder.zh_TW.min.js",
        "js/i18n/elfinder.zh_TW.min.js.map",
        "js/i18n/help/cs.html.js",
        "js/i18n/help/en.html.js",
        "js/i18n/help/es.html.js",
        "js/i18n/help/ja.html.js",
        "js/i18n/help/ko.html.js",
        "js/i18n/help/pl.html.js",
        "js/i18n/help/ru.html.js",
        "js/i18n/help/sk.html.js",
        "js/proxy/elFinderSupportVer1.js",
        "js/proxy/elFinderSupportVer1.min.js",
        "js/proxy/elFinderSupportVer1.min.js.map"
      ]
    }
  ]
}